 ,,,,,8月（截止8.02）,,,,7月,,,年同比,,,Q3（更新至0802）,,,,,,,,,,,,,,
 指标,,,指标层级,统计口径,目标,达成,MTD实际达成率,预估达成率,目标,达成,达成率,"5月YoY
公历","6月YoY
公历","7月YoY
公历",目标,达成,QTD实际达成率,,,,,,,,,,,,
 规模化业绩目标>>,,,,,,,,,,,,,,,,,,,,,,,,,,,,,
 ,全端全域发货GMV,,考核指标,日均,24.11亿,23.20亿,96%,99%,24.23亿,24.50亿,101%,23%,19%,23%,25.01亿,24.43亿,98%,"2,746,625,742","2,702,714,927","2,643,174,420","2,523,132,138","2,536,729,277","2,596,476,802","2,435,792,779","2,486,008,112","2,456,384,443","2,474,431,616","2,447,711,350","2,355,056,250"
 ,,支付GMV,支撑指标,日均,-,31.93亿,-,-,-,32.72亿,-,19%,12%,18%,-,32.68亿,-,"3,958,150,998","3,666,163,922","3,617,697,701","3,459,453,776","3,475,513,018","3,557,938,092","3,208,616,880","3,288,849,202","3,300,008,302","3,309,869,573","3,291,011,172","3,127,269,863"
 ,,发货率,支撑指标,日均,-,72.6%,-,-,-,74.9%,-,3%,6%,4%,-,74.7%,-,1,1,1,1,1,1,1,1,1,1,1,1
 ,全端开播 UV,,考核指标,日均,30.4万,28.6万,94%,98%,30.3万,30.5万,101%,9%,14%,17%,30.8万,30.4万,98%,"308,563","310,859","307,380","306,528","317,452","298,688","314,298","307,768","304,421","304,941","305,224","298,042"
 ,全端开播时长,,考核指标,日均,122.6万,113.4万,93%,97%,123.5万,124.0万,100%,-3%,19%,28%,123.2万,123.3万,100%,"1,190,743","1,197,495","1,196,553","1,224,035","1,297,818","1,257,118","1,327,919","1,290,982","1,235,759","1,233,627","1,244,431","1,185,735"
 ,,日人均开播时长,支撑指标,日均,-,4.0,-,-,-,4.1,-,-11%,4%,10%,-,4.1,-,4,4,4,4,4,4,4,4,4,4,4,4
 ,双端电商视频投稿数,,考核指标,日均,250.1万,250.3万,100%,100%,261.4万,261.5万,100%,35%,34%,47%,257.7万,260.8万,101%,"2,429,896","2,380,802","2,330,548","2,289,850","2,351,671","2,276,234","2,441,195","2,501,594","2,562,063","2,586,681","2,698,882","2,662,241"
 生态目标>>,,,,,,,,,,,,,,,,,,,,,,,,,,,,,
 ,大盘期末结算等级S2-3作者数,,考核指标,期末切片,24.0万,23.7万,99%,101%,23.6万,23.7万,101%,21%,19%,22%,25.8万,23.7万,92%,,,,,,,,,,,,
 ,规模化期末结算等级S2-3作者数,,考核指标,期末切片,23.6万,23.4万,99%,101%,23.2万,23.4万,101%,21%,19%,22%,25.5万,23.4万,92%,,,,,,,,,,,,
 ,,跃迁S23达人数,考核指标,期末切片,7.2万,0.6万,9%,106%,7.0万,6.9万,99%,11%,2%,9%,-,0.6万,-,,,,,,,,,,,,
 ,,留存S23达人数,考核指标,期末切片,16.3万,22.8万,140%,97%,16.2万,16.4万,101%,27%,27%,29%,-,22.8万,-,,,,,,,,,,,,
 ,,---留存率,支撑指标,期末切片,-,97.4%,-,-,-,70.0%,-,1.58pp,3.13pp,5.15pp,-,97%,-,,,,,,,,,,,,
 ,站外引入开播作者数,,考核指标,累计,"10,893","4,925",45%,85%,"4,840","4,616",95%,-,-,25.0%,"19,024","4,925",72%,,,,,,,,,,,,
 ,站内新入驻作者数,,考核指标,累计,48.5万,3.0万,6%,94%,50.7万,50.4万,100%,1%,-4%,0%,146.3万,53.4万,102%,,,,,,,,,,,,
 内容场GMV拉动目标>>,,,,,,,,,,,,,,,,,,,,,,,,,,,,,
 ,劣势行业直播GMV,,考核指标,日均,目标本周对齐,11.48亿,-,-,12.62亿,11.69亿,93%,18%,3%,-3%,-,11.48亿,-,,,,,,,,,,,,
 ,,--直播时长,考核指标,日均,,57.3万,-,-,59.6万,60.4万,101%,26%,24%,26%,-,57.3万,-,,,,,,,,,,,,
 ,,UV,考核指标,日均,,9.1万,-,-,9.6万,9.6万,100%,24%,22%,21%,-,9.1万,-,,,,,,,,,,,,
 ,,单UV时长,考核指标,日均,,6.3,-,-,6.2,6.3,102%,1%,2%,4%,-,6.3,-,,,,,,,,,,,,
 ,,--时均GMV,考核指标,日均,,0.2万,-,-,0.2万,0.2万,91%,-6%,-17%,-23%,-,0.2万,-,,,,,,,,,,,,
 ,,时均PV,考核指标,日均,,1.4万,-,-,1.4万,1.3万,92%,4%,3%,-10%,-,1.4万,-,,,,,,,,,,,,
 ,,GPM,考核指标,日均,,144.4,-,-,148.2,146.8,99%,-10%,-19%,-15%,-,144.4,-,,,,,,,,,,,,
 注1：生态类指标均为期末切片或累计，因此12周数据异常不做展示；注2：累计类指标QTD达成率为时间系数达成率,,,,,,,,,,,,,,,,,,,,,,,,,,,,,
