当前文档路径,原文档路径,原行号或JSON字段,引用形式,原有缺失目标
04-当前需求实现详细说明.md,04-当前需求实现详细说明.md,14,markdown_link,./01-PRD-运营平台_作者运营_头达数据分级管控与监控预警.md
04-当前需求实现详细说明.md,04-当前需求实现详细说明.md,15,markdown_link,./02-技术文档-运营平台_作者运营_头达数据分级管控与监控预警.md
头达数据权限管控-前端核心技术实现详解.md,头达数据权限管控-前端核心技术实现详解.md,28,markdown_link,./01-PRD-运营平台_作者运营_头达数据分级管控与监控预警.md
头达数据权限管控-前端核心技术实现详解.md,头达数据权限管控-前端核心技术实现详解.md,29,markdown_link,./02-技术文档-运营平台_作者运营_头达数据分级管控与监控预警.md
history/实习生转正答辩 (copy) (copy).md,实习生转正答辩 (copy) (copy).md,34,html_or_xml_attribute,../benchmark/2-agent-benchmark-analyze/电商联盟运营后台业务概述：作者运营与内容运营_assets/whiteboard-01.jpg
history/实习生转正答辩 (copy) (copy).md,实习生转正答辩 (copy) (copy).md,55,html_or_xml_attribute,../benchmark/2-agent-benchmark-analyze/电商联盟运营后台业务概述：作者运营与内容运营_assets/whiteboard-02.jpg
history/实习生转正答辩 (copy) (copy).md,实习生转正答辩 (copy) (copy).md,69,html_or_xml_attribute,../benchmark/2-agent-benchmark-analyze/电商联盟运营后台业务概述：作者运营与内容运营_assets/whiteboard-03.jpg
history/杨帆的视频会议_manifest.json,杨帆的视频会议_manifest.json,.local.path,json_path_field,/Users/bytedance/cx/spec-2/cxdlogver/bytedance/转正答辩/杨帆的视频会议.md
AI Coding 工作流汇报.md,report/聚星台Agent和AI Coding工作流记录/AI Coding 工作流汇报.md,323,markdown_image,/Users/bytedance/cx/spec-2/meego-11/report/AI Coding 工作流汇报.assets/manual-submit-hit-state-annotated-4631489.png
AI Coding 工作流汇报.md,report/聚星台Agent和AI Coding工作流记录/AI Coding 工作流汇报.md,333,markdown_image,/Users/bytedance/cx/spec-2/meego-11/report/AI Coding 工作流汇报.assets/image-20260716110400133.png
AI Coding 工作流汇报.md,report/聚星台Agent和AI Coding工作流记录/AI Coding 工作流汇报.md,585,markdown_image,/Users/bytedance/cx/spec-2/meego-11/report/AI Coding 工作流汇报.assets/acceptance-config-all-users.png
AI Coding 工作流汇报.md,report/聚星台Agent和AI Coding工作流记录/AI Coding 工作流汇报.md,586,markdown_image,/Users/bytedance/cx/spec-2/meego-11/report/AI Coding 工作流汇报.assets/acceptance-config-preseed-users.png
AI Coding 工作流汇报.md,report/聚星台Agent和AI Coding工作流记录/AI Coding 工作流汇报.md,587,markdown_image,/Users/bytedance/cx/spec-2/meego-11/report/AI Coding 工作流汇报.assets/acceptance-rule-link.png
AI Coding 工作流汇报.md,report/聚星台Agent和AI Coding工作流记录/AI Coding 工作流汇报.md,596,markdown_image,/Users/bytedance/cx/spec-2/meego-11/report/AI Coding 工作流汇报.assets/acceptance-coin-penalty.png
AI Coding 工作流汇报.md,report/聚星台Agent和AI Coding工作流记录/AI Coding 工作流汇报.md,597,markdown_image,/Users/bytedance/cx/spec-2/meego-11/report/AI Coding 工作流汇报.assets/acceptance-coin-remove.png
AI Coding 工作流汇报.md,report/聚星台Agent和AI Coding工作流记录/AI Coding 工作流汇报.md,597,markdown_image,/Users/bytedance/cx/spec-2/meego-11/report/AI Coding 工作流汇报.assets/acceptance-coin-remove-real.png
AI Coding 工作流汇报.md,report/聚星台Agent和AI Coding工作流记录/AI Coding 工作流汇报.md,598,markdown_image,/Users/bytedance/cx/spec-2/meego-11/report/AI Coding 工作流汇报.assets/acceptance-coupon-author.png
AI Coding 工作流汇报.md,report/聚星台Agent和AI Coding工作流记录/AI Coding 工作流汇报.md,598,markdown_image,/Users/bytedance/cx/spec-2/meego-11/report/AI Coding 工作流汇报.assets/acceptance-coupon-item.png
AI Coding 工作流汇报.md,report/聚星台Agent和AI Coding工作流记录/AI Coding 工作流汇报.md,599,markdown_image,/Users/bytedance/cx/spec-2/meego-11/report/AI Coding 工作流汇报.assets/acceptance-coupon-penalty.png
AI Coding 工作流汇报.md,report/聚星台Agent和AI Coding工作流记录/AI Coding 工作流汇报.md,599,markdown_image,/Users/bytedance/cx/spec-2/meego-11/report/AI Coding 工作流汇报.assets/acceptance-coupon-author.png
AI Coding 工作流汇报.md,report/聚星台Agent和AI Coding工作流记录/AI Coding 工作流汇报.md,600,markdown_image,/Users/bytedance/cx/spec-2/meego-11/report/AI Coding 工作流汇报.assets/acceptance-governance-error.png
AI Coding 工作流汇报.md,report/聚星台Agent和AI Coding工作流记录/AI Coding 工作流汇报.md,601,markdown_image,/Users/bytedance/cx/spec-2/meego-11/report/AI Coding 工作流汇报.assets/acceptance-manual-hit.png
AI Coding 工作流汇报.md,report/聚星台Agent和AI Coding工作流记录/AI Coding 工作流汇报.md,602,markdown_image,/Users/bytedance/cx/spec-2/meego-11/report/AI Coding 工作流汇报.assets/acceptance-manual-summary.png
AI Coding 工作流汇报.md,report/聚星台Agent和AI Coding工作流记录/AI Coding 工作流汇报.md,603,markdown_image,/Users/bytedance/cx/spec-2/meego-11/report/AI Coding 工作流汇报.assets/acceptance-one-click-remove.png
AI Coding 工作流汇报.md,report/聚星台Agent和AI Coding工作流记录/AI Coding 工作流汇报.md,603,markdown_image,/Users/bytedance/cx/spec-2/meego-11/report/AI Coding 工作流汇报.assets/acceptance-one-click-remove-real.png
AI Coding 工作流汇报.md,report/聚星台Agent和AI Coding工作流记录/AI Coding 工作流汇报.md,604,markdown_image,/Users/bytedance/cx/spec-2/meego-11/report/AI Coding 工作流汇报.assets/acceptance-export-empty.png
AI Coding 工作流汇报.md,report/聚星台Agent和AI Coding工作流记录/AI Coding 工作流汇报.md,604,markdown_image,/Users/bytedance/cx/spec-2/meego-11/report/AI Coding 工作流汇报.assets/acceptance-export-open.png
AI Coding 工作流汇报.md,report/聚星台Agent和AI Coding工作流记录/AI Coding 工作流汇报.md,604,markdown_image,/Users/bytedance/cx/spec-2/meego-11/report/AI Coding 工作流汇报.assets/acceptance-export-retained.png
AI Coding 工作流汇报.md,report/聚星台Agent和AI Coding工作流记录/AI Coding 工作流汇报.md,604,markdown_image,/Users/bytedance/cx/spec-2/meego-11/report/AI Coding 工作流汇报.assets/acceptance-export-missing-link.png
AI Coding 工作流汇报.md,report/聚星台Agent和AI Coding工作流记录/AI Coding 工作流汇报.md,605,markdown_image,/Users/bytedance/cx/spec-2/meego-11/report/AI Coding 工作流汇报.assets/acceptance-submit-guard.png
AI Coding 工作流汇报.md,report/聚星台Agent和AI Coding工作流记录/AI Coding 工作流汇报.md,614,markdown_image,/Users/bytedance/cx/spec-2/meego-11/report/AI Coding 工作流汇报.assets/acceptance-remove-detail-tab.png
AI Coding 工作流汇报.md,report/聚星台Agent和AI Coding工作流记录/AI Coding 工作流汇报.md,615,markdown_image,/Users/bytedance/cx/spec-2/meego-11/report/AI Coding 工作流汇报.assets/acceptance-coin-remove-real.png
AI Coding 工作流汇报.md,report/聚星台Agent和AI Coding工作流记录/AI Coding 工作流汇报.md,616,markdown_image,/Users/bytedance/cx/spec-2/meego-11/report/AI Coding 工作流汇报.assets/acceptance-coupon-fields.png
AI Coding 工作流汇报.md,report/聚星台Agent和AI Coding工作流记录/AI Coding 工作流汇报.md,625,markdown_image,/Users/bytedance/cx/spec-2/meego-11/report/AI Coding 工作流汇报.assets/acceptance-rule-link.png
AI Coding 工作流汇报.md,report/聚星台Agent和AI Coding工作流记录/AI Coding 工作流汇报.md,626,markdown_image,/Users/bytedance/cx/spec-2/meego-11/report/AI Coding 工作流汇报.assets/acceptance-manual-summary.png
AI Coding 工作流汇报.md,report/聚星台Agent和AI Coding工作流记录/AI Coding 工作流汇报.md,627,markdown_image,/Users/bytedance/cx/spec-2/meego-11/report/AI Coding 工作流汇报.assets/acceptance-coin-remove-real.png
AI Coding 工作流汇报.md,report/聚星台Agent和AI Coding工作流记录/AI Coding 工作流汇报.md,552,html_or_xml_attribute,/Users/bytedance/cx/spec-2/meego-11/report/AI Coding 工作流汇报.assets/code-task001-design-4640229.png
AI Coding 工作流汇报.md,report/聚星台Agent和AI Coding工作流记录/AI Coding 工作流汇报.md,552,html_or_xml_attribute,/Users/bytedance/cx/spec-2/meego-11/report/AI Coding 工作流汇报.assets/code-task001-implementation-4640229.png
history/report__聚星台Agent和AI Coding工作流记录__AI交付记录-运营平台内容活动激励管控线上化交付过程记录 (copy).md,report/聚星台Agent和AI Coding工作流记录/AI交付记录-运营平台内容活动激励管控线上化交付过程记录 (copy).md,253,markdown_image,./AI交付记录-运营平台内容活动激励管控线上化交付过程记录.assets/manual-submit-hit-state.png
history/report__聚星台Agent和AI Coding工作流记录__AI交付记录-运营平台内容活动激励管控线上化交付过程记录 (copy).md,report/聚星台Agent和AI Coding工作流记录/AI交付记录-运营平台内容活动激励管控线上化交付过程记录 (copy).md,261,markdown_image,./AI交付记录-运营平台内容活动激励管控线上化交付过程记录.assets/image-20260716110400133.png
history/report__聚星台Agent和AI Coding工作流记录__AI交付记录-运营平台内容活动激励管控线上化交付过程记录 (copy).md,report/聚星台Agent和AI Coding工作流记录/AI交付记录-运营平台内容活动激励管控线上化交付过程记录 (copy).md,1101,markdown_image,./AI交付记录-运营平台内容活动激励管控线上化交付过程记录.assets/mtr-coupon-remove-real-default-20260717.png
history/report__聚星台Agent和AI Coding工作流记录__AI交付记录-运营平台内容活动激励管控线上化交付过程记录 (copy).md,report/聚星台Agent和AI Coding工作流记录/AI交付记录-运营平台内容活动激励管控线上化交付过程记录 (copy).md,1145,markdown_image,./AI交付记录-运营平台内容活动激励管控线上化交付过程记录.assets/image-20260717103308181.png
history/report__聚星台Agent和AI Coding工作流记录__AI交付记录-运营平台内容活动激励管控线上化交付过程记录 (copy).md,report/聚星台Agent和AI Coding工作流记录/AI交付记录-运营平台内容活动激励管控线上化交付过程记录 (copy).md,1192,markdown_image,./AI交付记录-运营平台内容活动激励管控线上化交付过程记录.assets/image-20260717112540725.png
history/report__聚星台Agent和AI Coding工作流记录__AI交付记录-运营平台内容活动激励管控线上化交付过程记录 (copy).md,report/聚星台Agent和AI Coding工作流记录/AI交付记录-运营平台内容活动激励管控线上化交付过程记录 (copy).md,1192,markdown_image,./AI交付记录-运营平台内容活动激励管控线上化交付过程记录.assets/image-20260717112649735.png
history/report__聚星台Agent和AI Coding工作流记录__AI交付记录-运营平台内容活动激励管控线上化交付过程记录 (copy).md,report/聚星台Agent和AI Coding工作流记录/AI交付记录-运营平台内容活动激励管控线上化交付过程记录 (copy).md,1239,markdown_image,/Users/bytedance/cx/spec-2/meego-11/report/AI交付记录-运营平台内容活动激励管控线上化交付过程记录.assets/image-20260717113453233.png
history/report__聚星台Agent和AI Coding工作流记录__AI交付记录-运营平台内容活动激励管控线上化交付过程记录 (copy).md,report/聚星台Agent和AI Coding工作流记录/AI交付记录-运营平台内容活动激励管控线上化交付过程记录 (copy).md,1240,markdown_image,/Users/bytedance/cx/spec-2/meego-11/report/AI交付记录-运营平台内容活动激励管控线上化交付过程记录.assets/image-20260717113557320.png
history/report__聚星台Agent和AI Coding工作流记录__AI交付记录-运营平台内容活动激励管控线上化交付过程记录 (copy).md,report/聚星台Agent和AI Coding工作流记录/AI交付记录-运营平台内容活动激励管控线上化交付过程记录 (copy).md,1241,markdown_image,/Users/bytedance/cx/spec-2/meego-11/report/AI交付记录-运营平台内容活动激励管控线上化交付过程记录.assets/image-20260717113532009.png
history/report__聚星台Agent和AI Coding工作流记录__AI交付记录-运营平台内容活动激励管控线上化交付过程记录 (copy).md,report/聚星台Agent和AI Coding工作流记录/AI交付记录-运营平台内容活动激励管控线上化交付过程记录 (copy).md,1242,markdown_image,/Users/bytedance/cx/spec-2/meego-11/report/AI交付记录-运营平台内容活动激励管控线上化交付过程记录.assets/image-20260717113623346.png
history/report__聚星台Agent和AI Coding工作流记录__AI交付记录-运营平台内容活动激励管控线上化交付过程记录 (copy).md,report/聚星台Agent和AI Coding工作流记录/AI交付记录-运营平台内容活动激励管控线上化交付过程记录 (copy).md,1294,markdown_image,./AI交付记录-运营平台内容活动激励管控线上化交付过程记录.assets/acceptance-config-all-users.png
history/report__聚星台Agent和AI Coding工作流记录__AI交付记录-运营平台内容活动激励管控线上化交付过程记录 (copy).md,report/聚星台Agent和AI Coding工作流记录/AI交付记录-运营平台内容活动激励管控线上化交付过程记录 (copy).md,1295,markdown_image,./AI交付记录-运营平台内容活动激励管控线上化交付过程记录.assets/acceptance-config-preseed-users.png
history/report__聚星台Agent和AI Coding工作流记录__AI交付记录-运营平台内容活动激励管控线上化交付过程记录 (copy).md,report/聚星台Agent和AI Coding工作流记录/AI交付记录-运营平台内容活动激励管控线上化交付过程记录 (copy).md,1296,markdown_image,./AI交付记录-运营平台内容活动激励管控线上化交付过程记录.assets/acceptance-rule-link.png
history/report__聚星台Agent和AI Coding工作流记录__AI交付记录-运营平台内容活动激励管控线上化交付过程记录 (copy).md,report/聚星台Agent和AI Coding工作流记录/AI交付记录-运营平台内容活动激励管控线上化交付过程记录 (copy).md,1305,markdown_image,./AI交付记录-运营平台内容活动激励管控线上化交付过程记录.assets/acceptance-coin-penalty.png
history/report__聚星台Agent和AI Coding工作流记录__AI交付记录-运营平台内容活动激励管控线上化交付过程记录 (copy).md,report/聚星台Agent和AI Coding工作流记录/AI交付记录-运营平台内容活动激励管控线上化交付过程记录 (copy).md,1306,markdown_image,./AI交付记录-运营平台内容活动激励管控线上化交付过程记录.assets/acceptance-coin-remove.png
history/report__聚星台Agent和AI Coding工作流记录__AI交付记录-运营平台内容活动激励管控线上化交付过程记录 (copy).md,report/聚星台Agent和AI Coding工作流记录/AI交付记录-运营平台内容活动激励管控线上化交付过程记录 (copy).md,1306,markdown_image,./AI交付记录-运营平台内容活动激励管控线上化交付过程记录.assets/acceptance-coin-remove-real.png
history/report__聚星台Agent和AI Coding工作流记录__AI交付记录-运营平台内容活动激励管控线上化交付过程记录 (copy).md,report/聚星台Agent和AI Coding工作流记录/AI交付记录-运营平台内容活动激励管控线上化交付过程记录 (copy).md,1307,markdown_image,./AI交付记录-运营平台内容活动激励管控线上化交付过程记录.assets/acceptance-coupon-author.png
history/report__聚星台Agent和AI Coding工作流记录__AI交付记录-运营平台内容活动激励管控线上化交付过程记录 (copy).md,report/聚星台Agent和AI Coding工作流记录/AI交付记录-运营平台内容活动激励管控线上化交付过程记录 (copy).md,1307,markdown_image,./AI交付记录-运营平台内容活动激励管控线上化交付过程记录.assets/acceptance-coupon-item.png
history/report__聚星台Agent和AI Coding工作流记录__AI交付记录-运营平台内容活动激励管控线上化交付过程记录 (copy).md,report/聚星台Agent和AI Coding工作流记录/AI交付记录-运营平台内容活动激励管控线上化交付过程记录 (copy).md,1308,markdown_image,./AI交付记录-运营平台内容活动激励管控线上化交付过程记录.assets/acceptance-coupon-penalty.png
history/report__聚星台Agent和AI Coding工作流记录__AI交付记录-运营平台内容活动激励管控线上化交付过程记录 (copy).md,report/聚星台Agent和AI Coding工作流记录/AI交付记录-运营平台内容活动激励管控线上化交付过程记录 (copy).md,1308,markdown_image,./AI交付记录-运营平台内容活动激励管控线上化交付过程记录.assets/acceptance-coupon-author.png
history/report__聚星台Agent和AI Coding工作流记录__AI交付记录-运营平台内容活动激励管控线上化交付过程记录 (copy).md,report/聚星台Agent和AI Coding工作流记录/AI交付记录-运营平台内容活动激励管控线上化交付过程记录 (copy).md,1309,markdown_image,./AI交付记录-运营平台内容活动激励管控线上化交付过程记录.assets/acceptance-governance-error.png
history/report__聚星台Agent和AI Coding工作流记录__AI交付记录-运营平台内容活动激励管控线上化交付过程记录 (copy).md,report/聚星台Agent和AI Coding工作流记录/AI交付记录-运营平台内容活动激励管控线上化交付过程记录 (copy).md,1310,markdown_image,./AI交付记录-运营平台内容活动激励管控线上化交付过程记录.assets/acceptance-manual-hit.png
history/report__聚星台Agent和AI Coding工作流记录__AI交付记录-运营平台内容活动激励管控线上化交付过程记录 (copy).md,report/聚星台Agent和AI Coding工作流记录/AI交付记录-运营平台内容活动激励管控线上化交付过程记录 (copy).md,1311,markdown_image,./AI交付记录-运营平台内容活动激励管控线上化交付过程记录.assets/acceptance-manual-summary.png
history/report__聚星台Agent和AI Coding工作流记录__AI交付记录-运营平台内容活动激励管控线上化交付过程记录 (copy).md,report/聚星台Agent和AI Coding工作流记录/AI交付记录-运营平台内容活动激励管控线上化交付过程记录 (copy).md,1312,markdown_image,./AI交付记录-运营平台内容活动激励管控线上化交付过程记录.assets/acceptance-one-click-remove.png
history/report__聚星台Agent和AI Coding工作流记录__AI交付记录-运营平台内容活动激励管控线上化交付过程记录 (copy).md,report/聚星台Agent和AI Coding工作流记录/AI交付记录-运营平台内容活动激励管控线上化交付过程记录 (copy).md,1312,markdown_image,./AI交付记录-运营平台内容活动激励管控线上化交付过程记录.assets/acceptance-one-click-remove-real.png
history/report__聚星台Agent和AI Coding工作流记录__AI交付记录-运营平台内容活动激励管控线上化交付过程记录 (copy).md,report/聚星台Agent和AI Coding工作流记录/AI交付记录-运营平台内容活动激励管控线上化交付过程记录 (copy).md,1313,markdown_image,./AI交付记录-运营平台内容活动激励管控线上化交付过程记录.assets/acceptance-export-empty.png
history/report__聚星台Agent和AI Coding工作流记录__AI交付记录-运营平台内容活动激励管控线上化交付过程记录 (copy).md,report/聚星台Agent和AI Coding工作流记录/AI交付记录-运营平台内容活动激励管控线上化交付过程记录 (copy).md,1313,markdown_image,./AI交付记录-运营平台内容活动激励管控线上化交付过程记录.assets/acceptance-export-open.png
history/report__聚星台Agent和AI Coding工作流记录__AI交付记录-运营平台内容活动激励管控线上化交付过程记录 (copy).md,report/聚星台Agent和AI Coding工作流记录/AI交付记录-运营平台内容活动激励管控线上化交付过程记录 (copy).md,1313,markdown_image,./AI交付记录-运营平台内容活动激励管控线上化交付过程记录.assets/acceptance-export-retained.png
history/report__聚星台Agent和AI Coding工作流记录__AI交付记录-运营平台内容活动激励管控线上化交付过程记录 (copy).md,report/聚星台Agent和AI Coding工作流记录/AI交付记录-运营平台内容活动激励管控线上化交付过程记录 (copy).md,1313,markdown_image,./AI交付记录-运营平台内容活动激励管控线上化交付过程记录.assets/acceptance-export-missing-link.png
history/report__聚星台Agent和AI Coding工作流记录__AI交付记录-运营平台内容活动激励管控线上化交付过程记录 (copy).md,report/聚星台Agent和AI Coding工作流记录/AI交付记录-运营平台内容活动激励管控线上化交付过程记录 (copy).md,1314,markdown_image,./AI交付记录-运营平台内容活动激励管控线上化交付过程记录.assets/acceptance-submit-guard.png
history/report__聚星台Agent和AI Coding工作流记录__AI交付记录-运营平台内容活动激励管控线上化交付过程记录 (copy).md,report/聚星台Agent和AI Coding工作流记录/AI交付记录-运营平台内容活动激励管控线上化交付过程记录 (copy).md,1323,markdown_image,./AI交付记录-运营平台内容活动激励管控线上化交付过程记录.assets/acceptance-remove-detail-tab.png
history/report__聚星台Agent和AI Coding工作流记录__AI交付记录-运营平台内容活动激励管控线上化交付过程记录 (copy).md,report/聚星台Agent和AI Coding工作流记录/AI交付记录-运营平台内容活动激励管控线上化交付过程记录 (copy).md,1324,markdown_image,./AI交付记录-运营平台内容活动激励管控线上化交付过程记录.assets/acceptance-coin-remove-real.png
history/report__聚星台Agent和AI Coding工作流记录__AI交付记录-运营平台内容活动激励管控线上化交付过程记录 (copy).md,report/聚星台Agent和AI Coding工作流记录/AI交付记录-运营平台内容活动激励管控线上化交付过程记录 (copy).md,1325,markdown_image,./AI交付记录-运营平台内容活动激励管控线上化交付过程记录.assets/acceptance-coupon-fields.png
history/report__聚星台Agent和AI Coding工作流记录__AI交付记录-运营平台内容活动激励管控线上化交付过程记录 (copy).md,report/聚星台Agent和AI Coding工作流记录/AI交付记录-运营平台内容活动激励管控线上化交付过程记录 (copy).md,1334,markdown_image,./AI交付记录-运营平台内容活动激励管控线上化交付过程记录.assets/acceptance-rule-link.png
history/report__聚星台Agent和AI Coding工作流记录__AI交付记录-运营平台内容活动激励管控线上化交付过程记录 (copy).md,report/聚星台Agent和AI Coding工作流记录/AI交付记录-运营平台内容活动激励管控线上化交付过程记录 (copy).md,1335,markdown_image,./AI交付记录-运营平台内容活动激励管控线上化交付过程记录.assets/acceptance-manual-summary.png
history/report__聚星台Agent和AI Coding工作流记录__AI交付记录-运营平台内容活动激励管控线上化交付过程记录 (copy).md,report/聚星台Agent和AI Coding工作流记录/AI交付记录-运营平台内容活动激励管控线上化交付过程记录 (copy).md,1336,markdown_image,./AI交付记录-运营平台内容活动激励管控线上化交付过程记录.assets/acceptance-coin-remove-real.png
history/report__聚星台Agent和AI Coding工作流记录__AI交付记录-运营平台内容活动激励管控线上化交付过程记录 (copy).md,report/聚星台Agent和AI Coding工作流记录/AI交付记录-运营平台内容活动激励管控线上化交付过程记录 (copy).md,1336,markdown_image,./AI交付记录-运营平台内容活动激励管控线上化交付过程记录.assets/acceptance-coupon-fields.png
history/report__聚星台Agent和AI Coding工作流记录__AI交付记录-运营平台内容活动激励管控线上化交付过程记录 (copy).md,report/聚星台Agent和AI Coding工作流记录/AI交付记录-运营平台内容活动激励管控线上化交付过程记录 (copy).md,550,html_or_xml_attribute,./AI交付记录-运营平台内容活动激励管控线上化交付过程记录.assets/code-task001-design.png
history/report__聚星台Agent和AI Coding工作流记录__AI交付记录-运营平台内容活动激励管控线上化交付过程记录 (copy).md,report/聚星台Agent和AI Coding工作流记录/AI交付记录-运营平台内容活动激励管控线上化交付过程记录 (copy).md,550,html_or_xml_attribute,./AI交付记录-运营平台内容活动激励管控线上化交付过程记录.assets/code-task001-implementation.png
history/report__聚星台Agent和AI Coding工作流记录__AI交付记录-运营平台内容活动激励管控线上化交付过程记录 (copy).md,report/聚星台Agent和AI Coding工作流记录/AI交付记录-运营平台内容活动激励管控线上化交付过程记录 (copy).md,587,html_or_xml_attribute,./AI交付记录-运营平台内容活动激励管控线上化交付过程记录.assets/code-task003-design.png
history/report__聚星台Agent和AI Coding工作流记录__AI交付记录-运营平台内容活动激励管控线上化交付过程记录 (copy).md,report/聚星台Agent和AI Coding工作流记录/AI交付记录-运营平台内容活动激励管控线上化交付过程记录 (copy).md,587,html_or_xml_attribute,./AI交付记录-运营平台内容活动激励管控线上化交付过程记录.assets/code-task003-implementation.png
history/report__聚星台Agent和AI Coding工作流记录__AI交付记录-运营平台内容活动激励管控线上化交付过程记录 (copy).md,report/聚星台Agent和AI Coding工作流记录/AI交付记录-运营平台内容活动激励管控线上化交付过程记录 (copy).md,595,html_or_xml_attribute,./AI交付记录-运营平台内容活动激励管控线上化交付过程记录.assets/code-ar010-submit-guard-result.png
history/report__聚星台Agent和AI Coding工作流记录__AI交付记录-运营平台内容活动激励管控线上化交付过程记录 (copy).md,report/聚星台Agent和AI Coding工作流记录/AI交付记录-运营平台内容活动激励管控线上化交付过程记录 (copy).md,653,html_or_xml_attribute,./AI交付记录-运营平台内容活动激励管控线上化交付过程记录.assets/verify-coin-remove-page-rendered.png
history/report__聚星台Agent和AI Coding工作流记录__AI交付记录-运营平台内容活动激励管控线上化交付过程记录 (copy).md,report/聚星台Agent和AI Coding工作流记录/AI交付记录-运营平台内容活动激励管控线上化交付过程记录 (copy).md,667,html_or_xml_attribute,./AI交付记录-运营平台内容活动激励管控线上化交付过程记录.assets/verify-award-timeout-fixed.png
history/report__聚星台Agent和AI Coding工作流记录__AI交付记录-运营平台内容活动激励管控线上化交付过程记录 (copy).md,report/聚星台Agent和AI Coding工作流记录/AI交付记录-运营平台内容活动激励管控线上化交付过程记录 (copy).md,969,html_or_xml_attribute,./AI交付记录-运营平台内容活动激励管控线上化交付过程记录.assets/design-f2c-config-figma.png
history/report__聚星台Agent和AI Coding工作流记录__AI交付记录-运营平台内容活动激励管控线上化交付过程记录 (copy).md,report/聚星台Agent和AI Coding工作流记录/AI交付记录-运营平台内容活动激励管控线上化交付过程记录 (copy).md,969,html_or_xml_attribute,./AI交付记录-运营平台内容活动激励管控线上化交付过程记录.assets/code-task001-implementation.png
history/report__聚星台Agent和AI Coding工作流记录__AI交付记录-运营平台内容活动激励管控线上化交付过程记录 (copy).md,report/聚星台Agent和AI Coding工作流记录/AI交付记录-运营平台内容活动激励管控线上化交付过程记录 (copy).md,969,html_or_xml_attribute,./AI交付记录-运营平台内容活动激励管控线上化交付过程记录.assets/design-f2c-config-after.png
history/report__聚星台Agent和AI Coding工作流记录__AI交付记录-运营平台内容活动激励管控线上化交付过程记录 (copy).md,report/聚星台Agent和AI Coding工作流记录/AI交付记录-运营平台内容活动激励管控线上化交付过程记录 (copy).md,1007,html_or_xml_attribute,./AI交付记录-运营平台内容活动激励管控线上化交付过程记录.assets/design-runtime-coin-figma.png
history/report__聚星台Agent和AI Coding工作流记录__AI交付记录-运营平台内容活动激励管控线上化交付过程记录 (copy).md,report/聚星台Agent和AI Coding工作流记录/AI交付记录-运营平台内容活动激励管控线上化交付过程记录 (copy).md,1007,html_or_xml_attribute,./AI交付记录-运营平台内容活动激励管控线上化交付过程记录.assets/code-task003-implementation.png
history/report__聚星台Agent和AI Coding工作流记录__AI交付记录-运营平台内容活动激励管控线上化交付过程记录 (copy).md,report/聚星台Agent和AI Coding工作流记录/AI交付记录-运营平台内容活动激励管控线上化交付过程记录 (copy).md,1007,html_or_xml_attribute,./AI交付记录-运营平台内容活动激励管控线上化交付过程记录.assets/design-runtime-coin-after.png
history/report__聚星台Agent和AI Coding工作流记录__AI交付记录-运营平台内容活动激励管控线上化交付过程记录 (copy).md,report/聚星台Agent和AI Coding工作流记录/AI交付记录-运营平台内容活动激励管控线上化交付过程记录 (copy).md,1056,html_or_xml_attribute,./AI交付记录-运营平台内容活动激励管控线上化交付过程记录.assets/repair-005-before-summary-missing.png
history/report__聚星台Agent和AI Coding工作流记录__AI交付记录-运营平台内容活动激励管控线上化交付过程记录 (copy).md,report/聚星台Agent和AI Coding工作流记录/AI交付记录-运营平台内容活动激励管控线上化交付过程记录 (copy).md,1056,html_or_xml_attribute,./AI交付记录-运营平台内容活动激励管控线上化交付过程记录.assets/repair-005-after-summary-retained.png
history/report__聚星台Agent和AI Coding工作流记录__AI交付记录-运营平台内容活动激励管控线上化交付过程记录 (copy).md,report/聚星台Agent和AI Coding工作流记录/AI交付记录-运营平台内容活动激励管控线上化交付过程记录 (copy).md,1145,html_or_xml_attribute,./AI交付记录-运营平台内容活动激励管控线上化交付过程记录.assets/image-20260717103439797.png
AI交付记录-运营平台内容活动激励管控线上化交付过程记录.md,report/聚星台Agent和AI Coding工作流记录/AI交付记录-运营平台内容活动激励管控线上化交付过程记录.md,251,markdown_image,./AI交付记录-运营平台内容活动激励管控线上化交付过程记录.assets/manual-submit-hit-state.png
AI交付记录-运营平台内容活动激励管控线上化交付过程记录.md,report/聚星台Agent和AI Coding工作流记录/AI交付记录-运营平台内容活动激励管控线上化交付过程记录.md,259,markdown_image,./AI交付记录-运营平台内容活动激励管控线上化交付过程记录.assets/image-20260716110400133.png
AI交付记录-运营平台内容活动激励管控线上化交付过程记录.md,report/聚星台Agent和AI Coding工作流记录/AI交付记录-运营平台内容活动激励管控线上化交付过程记录.md,327,markdown_image,./AI交付记录-运营平台内容活动激励管控线上化交付过程记录.assets/manual-submit-hit-state-annotated.png
AI交付记录-运营平台内容活动激励管控线上化交付过程记录.md,report/聚星台Agent和AI Coding工作流记录/AI交付记录-运营平台内容活动激励管控线上化交付过程记录.md,1101,markdown_image,./AI交付记录-运营平台内容活动激励管控线上化交付过程记录.assets/mtr-coupon-remove-real-default-20260717.png
AI交付记录-运营平台内容活动激励管控线上化交付过程记录.md,report/聚星台Agent和AI Coding工作流记录/AI交付记录-运营平台内容活动激励管控线上化交付过程记录.md,1145,markdown_image,./AI交付记录-运营平台内容活动激励管控线上化交付过程记录.assets/image-20260717103308181.png
AI交付记录-运营平台内容活动激励管控线上化交付过程记录.md,report/聚星台Agent和AI Coding工作流记录/AI交付记录-运营平台内容活动激励管控线上化交付过程记录.md,1192,markdown_image,./AI交付记录-运营平台内容活动激励管控线上化交付过程记录.assets/image-20260717112540725.png
AI交付记录-运营平台内容活动激励管控线上化交付过程记录.md,report/聚星台Agent和AI Coding工作流记录/AI交付记录-运营平台内容活动激励管控线上化交付过程记录.md,1192,markdown_image,./AI交付记录-运营平台内容活动激励管控线上化交付过程记录.assets/image-20260717112649735.png
AI交付记录-运营平台内容活动激励管控线上化交付过程记录.md,report/聚星台Agent和AI Coding工作流记录/AI交付记录-运营平台内容活动激励管控线上化交付过程记录.md,1239,markdown_image,/Users/bytedance/cx/spec-2/meego-11/report/AI交付记录-运营平台内容活动激励管控线上化交付过程记录.assets/image-20260717113453233.png
AI交付记录-运营平台内容活动激励管控线上化交付过程记录.md,report/聚星台Agent和AI Coding工作流记录/AI交付记录-运营平台内容活动激励管控线上化交付过程记录.md,1240,markdown_image,/Users/bytedance/cx/spec-2/meego-11/report/AI交付记录-运营平台内容活动激励管控线上化交付过程记录.assets/image-20260717113557320.png
AI交付记录-运营平台内容活动激励管控线上化交付过程记录.md,report/聚星台Agent和AI Coding工作流记录/AI交付记录-运营平台内容活动激励管控线上化交付过程记录.md,1241,markdown_image,/Users/bytedance/cx/spec-2/meego-11/report/AI交付记录-运营平台内容活动激励管控线上化交付过程记录.assets/image-20260717113532009.png
AI交付记录-运营平台内容活动激励管控线上化交付过程记录.md,report/聚星台Agent和AI Coding工作流记录/AI交付记录-运营平台内容活动激励管控线上化交付过程记录.md,1242,markdown_image,/Users/bytedance/cx/spec-2/meego-11/report/AI交付记录-运营平台内容活动激励管控线上化交付过程记录.assets/image-20260717113623346.png
AI交付记录-运营平台内容活动激励管控线上化交付过程记录.md,report/聚星台Agent和AI Coding工作流记录/AI交付记录-运营平台内容活动激励管控线上化交付过程记录.md,1294,markdown_image,./AI交付记录-运营平台内容活动激励管控线上化交付过程记录.assets/acceptance-config-all-users.png
AI交付记录-运营平台内容活动激励管控线上化交付过程记录.md,report/聚星台Agent和AI Coding工作流记录/AI交付记录-运营平台内容活动激励管控线上化交付过程记录.md,1295,markdown_image,./AI交付记录-运营平台内容活动激励管控线上化交付过程记录.assets/acceptance-config-preseed-users.png
AI交付记录-运营平台内容活动激励管控线上化交付过程记录.md,report/聚星台Agent和AI Coding工作流记录/AI交付记录-运营平台内容活动激励管控线上化交付过程记录.md,1296,markdown_image,./AI交付记录-运营平台内容活动激励管控线上化交付过程记录.assets/acceptance-rule-link.png
AI交付记录-运营平台内容活动激励管控线上化交付过程记录.md,report/聚星台Agent和AI Coding工作流记录/AI交付记录-运营平台内容活动激励管控线上化交付过程记录.md,1305,markdown_image,./AI交付记录-运营平台内容活动激励管控线上化交付过程记录.assets/acceptance-coin-penalty.png
AI交付记录-运营平台内容活动激励管控线上化交付过程记录.md,report/聚星台Agent和AI Coding工作流记录/AI交付记录-运营平台内容活动激励管控线上化交付过程记录.md,1306,markdown_image,./AI交付记录-运营平台内容活动激励管控线上化交付过程记录.assets/acceptance-coin-remove.png
AI交付记录-运营平台内容活动激励管控线上化交付过程记录.md,report/聚星台Agent和AI Coding工作流记录/AI交付记录-运营平台内容活动激励管控线上化交付过程记录.md,1306,markdown_image,./AI交付记录-运营平台内容活动激励管控线上化交付过程记录.assets/acceptance-coin-remove-real.png
AI交付记录-运营平台内容活动激励管控线上化交付过程记录.md,report/聚星台Agent和AI Coding工作流记录/AI交付记录-运营平台内容活动激励管控线上化交付过程记录.md,1307,markdown_image,./AI交付记录-运营平台内容活动激励管控线上化交付过程记录.assets/acceptance-coupon-author.png
AI交付记录-运营平台内容活动激励管控线上化交付过程记录.md,report/聚星台Agent和AI Coding工作流记录/AI交付记录-运营平台内容活动激励管控线上化交付过程记录.md,1307,markdown_image,./AI交付记录-运营平台内容活动激励管控线上化交付过程记录.assets/acceptance-coupon-item.png
AI交付记录-运营平台内容活动激励管控线上化交付过程记录.md,report/聚星台Agent和AI Coding工作流记录/AI交付记录-运营平台内容活动激励管控线上化交付过程记录.md,1308,markdown_image,./AI交付记录-运营平台内容活动激励管控线上化交付过程记录.assets/acceptance-coupon-penalty.png
AI交付记录-运营平台内容活动激励管控线上化交付过程记录.md,report/聚星台Agent和AI Coding工作流记录/AI交付记录-运营平台内容活动激励管控线上化交付过程记录.md,1308,markdown_image,./AI交付记录-运营平台内容活动激励管控线上化交付过程记录.assets/acceptance-coupon-author.png
AI交付记录-运营平台内容活动激励管控线上化交付过程记录.md,report/聚星台Agent和AI Coding工作流记录/AI交付记录-运营平台内容活动激励管控线上化交付过程记录.md,1309,markdown_image,./AI交付记录-运营平台内容活动激励管控线上化交付过程记录.assets/acceptance-governance-error.png
AI交付记录-运营平台内容活动激励管控线上化交付过程记录.md,report/聚星台Agent和AI Coding工作流记录/AI交付记录-运营平台内容活动激励管控线上化交付过程记录.md,1310,markdown_image,./AI交付记录-运营平台内容活动激励管控线上化交付过程记录.assets/acceptance-manual-hit.png
AI交付记录-运营平台内容活动激励管控线上化交付过程记录.md,report/聚星台Agent和AI Coding工作流记录/AI交付记录-运营平台内容活动激励管控线上化交付过程记录.md,1311,markdown_image,./AI交付记录-运营平台内容活动激励管控线上化交付过程记录.assets/acceptance-manual-summary.png
AI交付记录-运营平台内容活动激励管控线上化交付过程记录.md,report/聚星台Agent和AI Coding工作流记录/AI交付记录-运营平台内容活动激励管控线上化交付过程记录.md,1312,markdown_image,./AI交付记录-运营平台内容活动激励管控线上化交付过程记录.assets/acceptance-one-click-remove.png
AI交付记录-运营平台内容活动激励管控线上化交付过程记录.md,report/聚星台Agent和AI Coding工作流记录/AI交付记录-运营平台内容活动激励管控线上化交付过程记录.md,1312,markdown_image,./AI交付记录-运营平台内容活动激励管控线上化交付过程记录.assets/acceptance-one-click-remove-real.png
AI交付记录-运营平台内容活动激励管控线上化交付过程记录.md,report/聚星台Agent和AI Coding工作流记录/AI交付记录-运营平台内容活动激励管控线上化交付过程记录.md,1313,markdown_image,./AI交付记录-运营平台内容活动激励管控线上化交付过程记录.assets/acceptance-export-empty.png
AI交付记录-运营平台内容活动激励管控线上化交付过程记录.md,report/聚星台Agent和AI Coding工作流记录/AI交付记录-运营平台内容活动激励管控线上化交付过程记录.md,1313,markdown_image,./AI交付记录-运营平台内容活动激励管控线上化交付过程记录.assets/acceptance-export-open.png
AI交付记录-运营平台内容活动激励管控线上化交付过程记录.md,report/聚星台Agent和AI Coding工作流记录/AI交付记录-运营平台内容活动激励管控线上化交付过程记录.md,1313,markdown_image,./AI交付记录-运营平台内容活动激励管控线上化交付过程记录.assets/acceptance-export-retained.png
AI交付记录-运营平台内容活动激励管控线上化交付过程记录.md,report/聚星台Agent和AI Coding工作流记录/AI交付记录-运营平台内容活动激励管控线上化交付过程记录.md,1313,markdown_image,./AI交付记录-运营平台内容活动激励管控线上化交付过程记录.assets/acceptance-export-missing-link.png
AI交付记录-运营平台内容活动激励管控线上化交付过程记录.md,report/聚星台Agent和AI Coding工作流记录/AI交付记录-运营平台内容活动激励管控线上化交付过程记录.md,1314,markdown_image,./AI交付记录-运营平台内容活动激励管控线上化交付过程记录.assets/acceptance-submit-guard.png
AI交付记录-运营平台内容活动激励管控线上化交付过程记录.md,report/聚星台Agent和AI Coding工作流记录/AI交付记录-运营平台内容活动激励管控线上化交付过程记录.md,1323,markdown_image,./AI交付记录-运营平台内容活动激励管控线上化交付过程记录.assets/acceptance-remove-detail-tab.png
AI交付记录-运营平台内容活动激励管控线上化交付过程记录.md,report/聚星台Agent和AI Coding工作流记录/AI交付记录-运营平台内容活动激励管控线上化交付过程记录.md,1324,markdown_image,./AI交付记录-运营平台内容活动激励管控线上化交付过程记录.assets/acceptance-coin-remove-real.png
AI交付记录-运营平台内容活动激励管控线上化交付过程记录.md,report/聚星台Agent和AI Coding工作流记录/AI交付记录-运营平台内容活动激励管控线上化交付过程记录.md,1325,markdown_image,./AI交付记录-运营平台内容活动激励管控线上化交付过程记录.assets/acceptance-coupon-fields.png
AI交付记录-运营平台内容活动激励管控线上化交付过程记录.md,report/聚星台Agent和AI Coding工作流记录/AI交付记录-运营平台内容活动激励管控线上化交付过程记录.md,1334,markdown_image,./AI交付记录-运营平台内容活动激励管控线上化交付过程记录.assets/acceptance-rule-link.png
AI交付记录-运营平台内容活动激励管控线上化交付过程记录.md,report/聚星台Agent和AI Coding工作流记录/AI交付记录-运营平台内容活动激励管控线上化交付过程记录.md,1335,markdown_image,./AI交付记录-运营平台内容活动激励管控线上化交付过程记录.assets/acceptance-manual-summary.png
AI交付记录-运营平台内容活动激励管控线上化交付过程记录.md,report/聚星台Agent和AI Coding工作流记录/AI交付记录-运营平台内容活动激励管控线上化交付过程记录.md,1336,markdown_image,./AI交付记录-运营平台内容活动激励管控线上化交付过程记录.assets/acceptance-coin-remove-real.png
AI交付记录-运营平台内容活动激励管控线上化交付过程记录.md,report/聚星台Agent和AI Coding工作流记录/AI交付记录-运营平台内容活动激励管控线上化交付过程记录.md,1336,markdown_image,./AI交付记录-运营平台内容活动激励管控线上化交付过程记录.assets/acceptance-coupon-fields.png
AI交付记录-运营平台内容活动激励管控线上化交付过程记录.md,report/聚星台Agent和AI Coding工作流记录/AI交付记录-运营平台内容活动激励管控线上化交付过程记录.md,550,html_or_xml_attribute,./AI交付记录-运营平台内容活动激励管控线上化交付过程记录.assets/code-task001-design.png
AI交付记录-运营平台内容活动激励管控线上化交付过程记录.md,report/聚星台Agent和AI Coding工作流记录/AI交付记录-运营平台内容活动激励管控线上化交付过程记录.md,550,html_or_xml_attribute,./AI交付记录-运营平台内容活动激励管控线上化交付过程记录.assets/code-task001-implementation.png
AI交付记录-运营平台内容活动激励管控线上化交付过程记录.md,report/聚星台Agent和AI Coding工作流记录/AI交付记录-运营平台内容活动激励管控线上化交付过程记录.md,587,html_or_xml_attribute,./AI交付记录-运营平台内容活动激励管控线上化交付过程记录.assets/code-task003-design.png
AI交付记录-运营平台内容活动激励管控线上化交付过程记录.md,report/聚星台Agent和AI Coding工作流记录/AI交付记录-运营平台内容活动激励管控线上化交付过程记录.md,587,html_or_xml_attribute,./AI交付记录-运营平台内容活动激励管控线上化交付过程记录.assets/code-task003-implementation.png
AI交付记录-运营平台内容活动激励管控线上化交付过程记录.md,report/聚星台Agent和AI Coding工作流记录/AI交付记录-运营平台内容活动激励管控线上化交付过程记录.md,595,html_or_xml_attribute,./AI交付记录-运营平台内容活动激励管控线上化交付过程记录.assets/code-ar010-submit-guard-result.png
AI交付记录-运营平台内容活动激励管控线上化交付过程记录.md,report/聚星台Agent和AI Coding工作流记录/AI交付记录-运营平台内容活动激励管控线上化交付过程记录.md,653,html_or_xml_attribute,./AI交付记录-运营平台内容活动激励管控线上化交付过程记录.assets/verify-coin-remove-page-rendered.png
AI交付记录-运营平台内容活动激励管控线上化交付过程记录.md,report/聚星台Agent和AI Coding工作流记录/AI交付记录-运营平台内容活动激励管控线上化交付过程记录.md,667,html_or_xml_attribute,./AI交付记录-运营平台内容活动激励管控线上化交付过程记录.assets/verify-award-timeout-fixed.png
AI交付记录-运营平台内容活动激励管控线上化交付过程记录.md,report/聚星台Agent和AI Coding工作流记录/AI交付记录-运营平台内容活动激励管控线上化交付过程记录.md,969,html_or_xml_attribute,./AI交付记录-运营平台内容活动激励管控线上化交付过程记录.assets/design-f2c-config-figma.png
AI交付记录-运营平台内容活动激励管控线上化交付过程记录.md,report/聚星台Agent和AI Coding工作流记录/AI交付记录-运营平台内容活动激励管控线上化交付过程记录.md,969,html_or_xml_attribute,./AI交付记录-运营平台内容活动激励管控线上化交付过程记录.assets/code-task001-implementation.png
AI交付记录-运营平台内容活动激励管控线上化交付过程记录.md,report/聚星台Agent和AI Coding工作流记录/AI交付记录-运营平台内容活动激励管控线上化交付过程记录.md,969,html_or_xml_attribute,./AI交付记录-运营平台内容活动激励管控线上化交付过程记录.assets/design-f2c-config-after.png
AI交付记录-运营平台内容活动激励管控线上化交付过程记录.md,report/聚星台Agent和AI Coding工作流记录/AI交付记录-运营平台内容活动激励管控线上化交付过程记录.md,1007,html_or_xml_attribute,./AI交付记录-运营平台内容活动激励管控线上化交付过程记录.assets/design-runtime-coin-figma.png
AI交付记录-运营平台内容活动激励管控线上化交付过程记录.md,report/聚星台Agent和AI Coding工作流记录/AI交付记录-运营平台内容活动激励管控线上化交付过程记录.md,1007,html_or_xml_attribute,./AI交付记录-运营平台内容活动激励管控线上化交付过程记录.assets/code-task003-implementation.png
AI交付记录-运营平台内容活动激励管控线上化交付过程记录.md,report/聚星台Agent和AI Coding工作流记录/AI交付记录-运营平台内容活动激励管控线上化交付过程记录.md,1007,html_or_xml_attribute,./AI交付记录-运营平台内容活动激励管控线上化交付过程记录.assets/design-runtime-coin-after.png
AI交付记录-运营平台内容活动激励管控线上化交付过程记录.md,report/聚星台Agent和AI Coding工作流记录/AI交付记录-运营平台内容活动激励管控线上化交付过程记录.md,1056,html_or_xml_attribute,./AI交付记录-运营平台内容活动激励管控线上化交付过程记录.assets/repair-005-before-summary-missing.png
AI交付记录-运营平台内容活动激励管控线上化交付过程记录.md,report/聚星台Agent和AI Coding工作流记录/AI交付记录-运营平台内容活动激励管控线上化交付过程记录.md,1056,html_or_xml_attribute,./AI交付记录-运营平台内容活动激励管控线上化交付过程记录.assets/repair-005-after-summary-retained.png
AI交付记录-运营平台内容活动激励管控线上化交付过程记录.md,report/聚星台Agent和AI Coding工作流记录/AI交付记录-运营平台内容活动激励管控线上化交付过程记录.md,1145,html_or_xml_attribute,./AI交付记录-运营平台内容活动激励管控线上化交付过程记录.assets/image-20260717103439797.png
AI研发工作流.md,report/聚星台Agent和AI Coding工作流记录/AI研发工作流.md,297,markdown_image,../AI交付记录-运营平台内容活动激励管控线上化交付过程记录.assets/manual-submit-hit-state-annotated.png
AI研发工作流.md,report/聚星台Agent和AI Coding工作流记录/AI研发工作流.md,356,markdown_image,../AI交付记录-运营平台内容活动激励管控线上化交付过程记录.assets/code-ar010-submit-guard-result.png
AI研发工作流.md,report/聚星台Agent和AI Coding工作流记录/AI研发工作流.md,448,markdown_image,/Users/bytedance/cx/spec-2/meego-11/report/QA/AI研发工作流.assets/image-20260723010213012.png
AI研发工作流.md,report/聚星台Agent和AI Coding工作流记录/AI研发工作流.md,297,html_or_xml_attribute,../AI交付记录-运营平台内容活动激励管控线上化交付过程记录.assets/manual-submit-hit-state.png
AI研发工作流.md,report/聚星台Agent和AI Coding工作流记录/AI研发工作流.md,307,html_or_xml_attribute,../AI交付记录-运营平台内容活动激励管控线上化交付过程记录.assets/image-20260716110400133.png
AI研发工作流.md,report/聚星台Agent和AI Coding工作流记录/AI研发工作流.md,402,html_or_xml_attribute,../AI交付记录-运营平台内容活动激励管控线上化交付过程记录.assets/design-f2c-config-figma.png
AI研发工作流.md,report/聚星台Agent和AI Coding工作流记录/AI研发工作流.md,402,html_or_xml_attribute,../AI交付记录-运营平台内容活动激励管控线上化交付过程记录.assets/design-f2c-config-figma-annotated.png
AI研发工作流.md,report/聚星台Agent和AI Coding工作流记录/AI研发工作流.md,404,html_or_xml_attribute,../AI交付记录-运营平台内容活动激励管控线上化交付过程记录.assets/code-task001-implementation.png
AI研发工作流.md,report/聚星台Agent和AI Coding工作流记录/AI研发工作流.md,404,html_or_xml_attribute,../AI交付记录-运营平台内容活动激励管控线上化交付过程记录.assets/design-f2c-config-after.png
AI研发工作流.md,report/聚星台Agent和AI Coding工作流记录/AI研发工作流.md,492,html_or_xml_attribute,../AI交付记录-运营平台内容活动激励管控线上化交付过程记录.assets/repair-005-before-summary-missing.png
AI研发工作流.md,report/聚星台Agent和AI Coding工作流记录/AI研发工作流.md,492,html_or_xml_attribute,../AI交付记录-运营平台内容活动激励管控线上化交付过程记录.assets/repair-005-after-summary-retained.png
AI研发工作流完整梳理.md,report/聚星台Agent和AI Coding工作流记录/AI研发工作流完整梳理.md,850,markdown_link,../.trae/DELIVERY_STATE.md
AI研发工作流完整梳理.md,report/聚星台Agent和AI Coding工作流记录/AI研发工作流完整梳理.md,1098,markdown_link,../.trae/AGENTS.md
AI研发工作流完整梳理.md,report/聚星台Agent和AI Coding工作流记录/AI研发工作流完整梳理.md,1099,markdown_link,../.trae/docs/delivery-framework-flow.md
AI研发工作流完整梳理.md,report/聚星台Agent和AI Coding工作流记录/AI研发工作流完整梳理.md,1100,markdown_link,../.trae/DELIVERY_STATE.md
AI研发工作流完整梳理.md,report/聚星台Agent和AI Coding工作流记录/AI研发工作流完整梳理.md,1101,markdown_link,./AI/AI%20Agent架构学习教程/README.md
AI研发工作流完整梳理.md,report/聚星台Agent和AI Coding工作流记录/AI研发工作流完整梳理.md,1102,markdown_link,./QA/Agent架构问答.md
AI研发工作流工作汇报-运营平台内容活动激励管控线上化.md,report/聚星台Agent和AI Coding工作流记录/AI研发工作流工作汇报-运营平台内容活动激励管控线上化.md,264,markdown_image,./AI交付记录-运营平台内容活动激励管控线上化交付过程记录.assets/code-ar010-submit-guard-result.png
AI研发工作流工作汇报-运营平台内容活动激励管控线上化.md,report/聚星台Agent和AI Coding工作流记录/AI研发工作流工作汇报-运营平台内容活动激励管控线上化.md,292,markdown_image,./AI交付记录-运营平台内容活动激励管控线上化交付过程记录.assets/design-f2c-config-figma.png
AI研发工作流工作汇报-运营平台内容活动激励管控线上化.md,report/聚星台Agent和AI Coding工作流记录/AI研发工作流工作汇报-运营平台内容活动激励管控线上化.md,292,markdown_image,./AI交付记录-运营平台内容活动激励管控线上化交付过程记录.assets/code-task001-implementation.png
AI研发工作流工作汇报-运营平台内容活动激励管控线上化.md,report/聚星台Agent和AI Coding工作流记录/AI研发工作流工作汇报-运营平台内容活动激励管控线上化.md,292,markdown_image,./AI交付记录-运营平台内容活动激励管控线上化交付过程记录.assets/design-f2c-config-after.png
AI研发工作流工作汇报-运营平台内容活动激励管控线上化.md,report/聚星台Agent和AI Coding工作流记录/AI研发工作流工作汇报-运营平台内容活动激励管控线上化.md,308,markdown_image,./AI交付记录-运营平台内容活动激励管控线上化交付过程记录.assets/repair-005-before-summary-missing.png
AI研发工作流工作汇报-运营平台内容活动激励管控线上化.md,report/聚星台Agent和AI Coding工作流记录/AI研发工作流工作汇报-运营平台内容活动激励管控线上化.md,308,markdown_image,./AI交付记录-运营平台内容活动激励管控线上化交付过程记录.assets/repair-005-after-summary-retained.png
AI研发工作流工作汇报-运营平台内容活动激励管控线上化.md,report/聚星台Agent和AI Coding工作流记录/AI研发工作流工作汇报-运营平台内容活动激励管控线上化.md,492,markdown_link,../.trae/AGENTS.md
AI研发工作流工作汇报-运营平台内容活动激励管控线上化.md,report/聚星台Agent和AI Coding工作流记录/AI研发工作流工作汇报-运营平台内容活动激励管控线上化.md,493,markdown_link,../.trae/docs/delivery-framework-flow.md
AI研发工作流工作汇报-运营平台内容活动激励管控线上化.md,report/聚星台Agent和AI Coding工作流记录/AI研发工作流工作汇报-运营平台内容活动激励管控线上化.md,494,markdown_link,../.trae/DELIVERY_STATE.md
AI研发工作流工作汇报-运营平台内容活动激励管控线上化.md,report/聚星台Agent和AI Coding工作流记录/AI研发工作流工作汇报-运营平台内容活动激励管控线上化.md,496,markdown_link,../artifacts/7306602080-incentive-control-online/03-prd-analysis.md
AI研发工作流工作汇报-运营平台内容活动激励管控线上化.md,report/聚星台Agent和AI Coding工作流记录/AI研发工作流工作汇报-运营平台内容活动激励管控线上化.md,497,markdown_link,../artifacts/7306602080-incentive-control-online/04-tech-plan.md
AI研发工作流工作汇报-运营平台内容活动激励管控线上化.md,report/聚星台Agent和AI Coding工作流记录/AI研发工作流工作汇报-运营平台内容活动激励管控线上化.md,498,markdown_link,../artifacts/7306602080-incentive-control-online/09-test-case-matrix.md
AI研发工作流工作汇报-运营平台内容活动激励管控线上化.md,report/聚星台Agent和AI Coding工作流记录/AI研发工作流工作汇报-运营平台内容活动激励管控线上化.md,499,markdown_link,../artifacts/7306602080-incentive-control-online/05-implementation-log.md
AI研发工作流工作汇报-运营平台内容活动激励管控线上化.md,report/聚星台Agent和AI Coding工作流记录/AI研发工作流工作汇报-运营平台内容活动激励管控线上化.md,500,markdown_link,../artifacts/7306602080-incentive-control-online/06-debug-verification.md
AI研发工作流工作汇报-运营平台内容活动激励管控线上化.md,report/聚星台Agent和AI Coding工作流记录/AI研发工作流工作汇报-运营平台内容活动激励管控线上化.md,501,markdown_link,../artifacts/7306602080-incentive-control-online/07-design-alignment.md
AI研发工作流工作汇报-运营平台内容活动激励管控线上化.md,report/聚星台Agent和AI Coding工作流记录/AI研发工作流工作汇报-运营平台内容活动激励管控线上化.md,502,markdown_link,../artifacts/7306602080-incentive-control-online/08-acceptance-report.md
